Test Batch,True Positive,True Negative,False Positive,False Negative,Accuracy,Precision,Recall,F1-Score
6000,,,,,0.6480666666666667,0.9218333333333334,0.6128333333333333,0.6969666666666667
